match_id,n_points,alpha_mean,alpha_5,alpha_95,rho_mean,rho_5,rho_95
2023-wimbledon-1301,300,-0.00384588525371822,-1.2070668610996156,1.1302104803200475,-0.0024028689500483636,-0.08306323643883697,0.08233404802682175
2023-wimbledon-1302,200,0.0050850805383839525,-1.0186010910985437,1.1261020391293945,-0.0013165122603923788,-0.12226205097869401,0.1151490612067468
2023-wimbledon-1303,133,0.01397952914926414,-1.0198002282091527,1.1022751200470098,-0.014220702538121759,-0.15455251436142142,0.13085286605151883
2023-wimbledon-1304,336,-0.03624559089033733,-1.0902678786617783,1.0388907734788206,-0.006593787288920977,-0.09923815422143079,0.08331503351771807
2023-wimbledon-1305,245,0.003515271511197002,-1.1914831977863776,1.0874849851805573,-0.006176763635466123,-0.11084292883822681,0.10625868136743918
2023-wimbledon-1306,331,0.036008274174398995,-1.0624801898424325,1.1369831627214873,0.0015831027209712812,-0.08046941924935998,0.08533808834959387
2023-wimbledon-1307,231,-0.038537178425959946,-1.1048986697293715,0.9866705216109034,-0.0019312849470800614,-0.10957179305050253,0.10341240882047806
2023-wimbledon-1308,189,0.010853617090807005,-1.0775308218793958,1.06945921061871,-0.01009965332258013,-0.1314970919202527,0.09963880366764936
