match_id,n_points,alpha_mean,alpha_5,alpha_95,rho_mean,rho_5,rho_95
2023-wimbledon-1304,336,0.017246866510995516,-0.8812851579643258,0.8637398965829417,-0.00296530805697327,-0.09290414543888252,0.08500276245588434
2023-wimbledon-1306,331,0.008527147048956202,-0.9503989208951543,1.0028502635710315,-0.002924394796946378,-0.09135089928985561,0.08353783394485377
