{
  "baseline": {
    "logloss": 0.6845536298060598,
    "brier": 0.24568672733809224
  },
  "dbn": {
    "match": "2023-wimbledon-1701",
    "T": 333,
    "alpha_mean": -0.038632767690420344,
    "alpha_ci": [
      -1.2365943475813086,
      1.047772578654914
    ]
  }
}